Model,Dataset,Average,Statistical Parity,Equal Opportunity
BIND 1%,bail,0.9037931765204494 += 6.568784237396573e-05,0.07069453016241403 += 8.633978180929662e-05,0.04027106857761005 += 0.0002274261810725359
